456321, Jack, Finch, 211134, Silver, 
787865, Maggie, Smith, 116688, Bronze, 
312779, Patrick, Lamar, 321134, Silver, 
779863, Robert, Wischmann, 100688, Bronze, 
343434, Terry, Jackson, 253134, Silver, 
298760, Mary, Parker, 436670, Diamond, 
287609, Frank, Lawson, 377734, Gold, 
235576, Rick, Poteat, 183688, Bronze, 
337895, Peter, Connor, 335134, Gold, 
987654, Claire, Smith, 126553, Bronze, 
534729, Johan, Clausen, 613446, Diamond, 
656578, Vijay, Patki, 225688, Bronze, 
217889, William, Coleman, 258734, Silver, 
478935, Owen, Garcia, 436670, Diamond, 
987623, Kim, Hatzikokolakis, 437734, Diamond, 
764990, Jasper, Patin, 199688, Gold, 
