456321, 5754443210, Silver, jfinch@gmail.com, 1100 Logan Street, Finch, Huntsville AL, 211134, Jack, 957264586, 
787865, 4026673312, Bronze, ms5789@yahoo.com, 1533 Jackson Avenue, Smith, Gardena WY, 116688, Maggie, 1057214398, 
312779, 7323435656, Silver, patlam@gmail.com, 1134 Elmhurst Street, Lamar, Plano TX, 321134, Patrick, 931264772, 
343434, 6314478989, Silver, terryj@caper.com, 1555 Wilmar Avenue, Jackson, Topeka KS, 253134, Terry, 997264792, 
298760, 4046873312, Diamond, mp3@yahoo.com, 1533 Chipper Avenue, Parker, Columbus OH, 436670, Mary, 857214743, 
287609, 4083437863, Gold, frankly@gmail.com, 113 Pine Street, Lawson, Saratoga CA, 377734, Frank, 901264542, 
987654, 2317866312, Bronze, clairerules@live.com, 233 Old Fort Drive, Smith, Baltimore MD, 126553, Claire, 1057216542, 
534729, 3393433419, Diamond, joclaus@gmail.com, 1134 Hearst Street, Clausen, Dallas TX, 613446, Johan, 999254411, 
217889, 8154479963, Silver, bolts4ever@gmail.com, 1234 Balboa Street, Coleman, San Diego CA, 258734, William, 997264386, 
478935, 2395216844, Diamond, ogarcia@petsmart.com, 222 Coyote Street, Garcia, Phoenix AZ, 436670, Owen, 857219531, 
987623, 4085567887, Diamond, kimhatz@gmail.com, 55 Shadow Lane, Hatzikokolakis, Saratoga CA, 437734, Kim, 871245691, 
